frame_name      , timestamp, timestamp_unix, latitude  , longitude         , altitude          , gps_time_diff_ms  , x_pixel           , y_pixel           , depth_relative     , distance_predicted, distance_groundtruth, error               , abs_error           , percent_error
frame_153636.png, 15:36:36 ,   1762439796.0, 45.784243 , 15.9103157        , 159.416           , 0.0634193420410156,                   ,                   ,                    ,                   ,                     ,                     ,                     , 
frame_153637.png, 15:36:37 ,   1762439797.0, 45.784243 , 15.9103156        , 159.416           , 0.063180923461914 ,                   ,                   ,                    ,                   ,                     ,                     ,                     , 
frame_153638.png, 15:36:38 ,   1762439798.0, 45.784243 , 15.9103156        , 159.416           , 0.0627040863037109,                   ,                   ,                    ,                   ,                     ,                     ,                     , 
frame_153639.png, 15:36:39 ,   1762439799.0, 45.784243 , 15.9103156        , 159.417           , 0.0624656677246093,                   ,                   ,                    ,                   ,                     ,                     ,                     , 
frame_153640.png, 15:36:40 ,   1762439800.0, 45.7842429, 15.9103156        , 159.421           , 0.0622272491455078,                   ,                   ,                    ,                   ,                     ,                     ,                     , 
frame_153641.png, 15:36:41 ,   1762439801.0, 45.7842429, 15.9103155        , 159.418           , 0.0617504119873046,                   ,                   ,                    ,                   ,                     ,                     ,                     , 
frame_153642.png, 15:36:42 ,   1762439802.0, 45.7842429, 15.9103154        , 159.42000000000002, 0.0615119934082031,                   ,                   ,                    ,                   ,                     ,                     ,                     , 
frame_153643.png, 15:36:43 ,   1762439803.0, 45.7842429, 15.9103155        , 159.41            , 0.06103515625     ,                   ,                   ,                    ,                   ,                     ,                     ,                     , 
frame_153644.png, 15:36:44 ,   1762439804.0, 45.784243 , 15.9103154        , 159.417           , 0.0607967376708984,                   ,                   ,                    ,                   ,                     ,                     ,                     , 
frame_153645.png, 15:36:45 ,   1762439805.0, 45.7842429, 15.9103155        , 159.415           , 0.0605583190917968,                   ,                   ,                    ,                   ,                     ,                     ,                     , 
frame_153646.png, 15:36:46 ,   1762439806.0, 45.7842429, 15.9103155        , 159.421           , 0.0600814819335937,                   ,                   ,                    ,                   ,                     ,                     ,                     , 
frame_153647.png, 15:36:47 ,   1762439807.0, 45.784243 , 15.9103156        , 159.413           , 0.0598430633544921,                   ,                   ,                    ,                   ,                     ,                     ,                     , 
frame_153648.png, 15:36:48 ,   1762439808.0, 45.7842431, 15.9103158        , 159.42000000000002, 0.0596046447753906,                   ,                   ,                    ,                   ,                     ,                     ,                     , 
frame_153649.png, 15:36:49 ,   1762439809.0, 45.7842426, 15.9103156        , 159.41400000000002, 0.0591278076171875,                   ,                   ,                    ,                   ,                     ,                     ,                     , 
frame_153650.png, 15:36:50 ,   1762439810.0, 45.7842398, 15.910314199999998, 159.415           , 0.0588893890380859,                   ,                   ,                    ,                   ,                     ,                     ,                     , 
frame_153651.png, 15:36:51 ,   1762439811.0, 45.7842365, 15.910312         , 159.422           , 0.0586509704589843,                   ,                   ,                    ,                   ,                     ,                     ,                     , 
frame_153652.png, 15:36:52 ,   1762439812.0, 45.7842332, 15.9103108        , 159.427           , 0.0581741333007812,                   ,                   ,                    ,                   ,                     ,                     ,                     , 
frame_153653.png, 15:36:53 ,   1762439813.0, 45.7842309, 15.9103103        , 159.423           , 0.0579357147216796,  829.85           , 514.41            , 0.1268327832221985 , 44.88007927664036 ,   46.509980452547865, -1.6299011759075057 , 1.6299011759075057  , -3.504411655408937
frame_153654.png, 15:36:54 ,   1762439814.0, 45.784229 , 15.9103103        , 159.421           , 0.0574588775634765,  835.44           , 515.24            , 0.12882766127586365, 44.36273968875057 ,   46.369610266574995, -2.0068705778244222 , 2.0068705778244222  , -4.327986727270494
frame_153655.png, 15:36:55 ,   1762439815.0, 45.784227 , 15.91031          , 159.42000000000002, 0.057220458984375 ,  840.29           , 516.47            , 0.13316074013710022, 43.27911057395272 ,   46.20495869222465 , -2.9258481182719294 , 2.9258481182719294  , -6.332324930233711
frame_153656.png, 15:36:56 ,   1762439816.0, 45.7842248, 15.9103083        , 159.42000000000002, 0.0569820404052734,  845.11           , 515.31            , 0.1293158233165741 , 44.237953999155565,   45.94458325718883 , -1.7066292580332671 , 1.7066292580332671  , -3.714538552847218
frame_153657.png, 15:36:57 ,   1762439817.0, 45.7842233, 15.9103068        , 159.413           , 0.0565052032470703,  846.88           , 516.25            , 0.1276504099369049 , 44.66658862677173 ,   45.74760349165906 , -1.0810148648873366 , 1.0810148648873366  , -2.3629978018071105
frame_153658.png, 15:36:58 ,   1762439818.0, 45.7842227, 15.910306299999998, 159.413           , 0.0562667846679687,  850.44           , 515.44            , 0.12922164797782898, 44.261972747738625,   45.6745374223154  , -1.4125646745767781 , 1.4125646745767781  , -3.092674287023289
frame_153659.png, 15:36:59 ,   1762439819.0, 45.7842222, 15.9103058        , 159.418           , 0.0560283660888671,  850.74           , 517.06            , 0.13108763098716736, 43.79087668214634 ,   45.60859059222297 , -1.8177139100766269 , 1.8177139100766269  , -3.985463892818862
frame_153700.png, 15:37:00 ,   1762439820.0, 45.7842216, 15.9103048        , 159.41400000000002, 0.055551528930664 ,  851.1            , 516.9             , 0.13087283074855804, 43.844594931068926,   45.50655920113876 , -1.6619642700698307 , 1.6619642700698307  , -3.6521422389329796
frame_153701.png, 15:37:01 ,   1762439821.0, 45.7842216, 15.9103032        , 159.419           , 0.0553131103515625,  849.48           , 516.32            , 0.13215351104736328, 43.52625182659876 ,   45.41314559972227 , -1.8868937731235107 , 1.8868937731235107  , -4.154950616622888
frame_153702.png, 15:37:02 ,   1762439822.0, 45.7842215, 15.910302         , 159.419           , 0.0550746917724609,  848.17           , 517.39            , 0.13109195232391357, 43.78979733270364 ,   45.33599793966122 , -1.5462006069575764 , 1.5462006069575764  , -3.410536168224316
frame_153703.png, 15:37:03 ,   1762439823.0, 45.7842214, 15.9103009        , 159.424           , 0.0545978546142578,  845.72           , 518.12            , 0.13398422300815582, 43.079130276583584,   45.26451037167847 , -2.185380095094885  , 2.185380095094885   , -4.828021063632789
frame_153704.png, 15:37:04 ,   1762439824.0, 45.7842213, 15.9103           , 159.419           , 0.0543594360351562,  844.5            , 517.88            , 0.13195855915546417, 43.57441306620672 ,   45.20510504180829 , -1.6306919756015645 , 1.6306919756015645  , -3.607318186946821
frame_153705.png, 15:37:05 ,   1762439825.0, 45.7842212, 15.9102992        , 159.416           , 0.0538825988769531,  842.9            , 517.41            , 0.1304367482662201 , 43.95405887080241 ,   45.151448446691596, -1.1973895758891828 , 1.1973895758891828  , -2.651940562444835
frame_153706.png, 15:37:06 ,   1762439826.0, 45.7842213, 15.9102983        , 159.419           , 0.0536441802978515,  842.5            , 518.44            , 0.13017390668392181, 44.02030087305506 ,   45.10650830003245 , -1.0862074269773956 , 1.0862074269773956  , -2.4080946805998154
frame_153707.png, 15:37:07 ,   1762439827.0, 45.7842212, 15.9102976        , 159.411           , 0.05340576171875  ,  839.97           , 516.9             , 0.13116267323493958, 43.77214077837089 ,   45.05892022872425 , -1.2867794503533574 , 1.2867794503533574  , -2.855770719363707
frame_153708.png, 15:37:08 ,   1762439828.0, 45.7842212, 15.9102968        , 159.41400000000002, 0.0529289245605468,  838.38           , 516.76            , 0.13199596107006073, 43.565164974466825,   45.01247830611211 , -1.447313331645283  , 1.447313331645283   , -3.2153602425591323
frame_153709.png, 15:37:09 ,   1762439829.0, 45.7842215, 15.910296         , 159.411           , 0.0526905059814453,  836.92           , 516.66            , 0.13225317001342773, 43.501673008630675,   44.988518910552386, -1.4868459019217113 , 1.4868459019217113  , -3.304945212528347
frame_153710.png, 15:37:10 ,   1762439830.0, 45.7842205, 15.9102953        , 159.41400000000002, 0.0524520874023437,  835.45           , 517.64            , 0.12871049344539642, 44.392795373462654,   44.87397549811918 , -0.48118012465652527, 0.48118012465652527 , -1.0722921678216213
frame_153711.png, 15:37:11 ,   1762439831.0, 45.7842195, 15.9102968        , 159.415           , 0.0519752502441406,  837.4            , 519.59            , 0.13728514313697815, 42.295726221871035,   44.88709097182944 , -2.5913647499584016 , 2.5913647499584016  , -5.773073491406937
frame_153712.png, 15:37:12 ,   1762439832.0, 45.7842189, 15.9102993        , 159.412           , 0.051736831665039 ,  844.6            , 517.41            , 0.13019639253616333, 44.01462612267955 ,   44.98848863569325 , -0.9738625130136995 , 0.9738625130136995  , -2.1646926637163144
frame_153713.png, 15:37:13 ,   1762439833.0, 45.784219 , 15.9102983        , 159.413           , 0.0514984130859375,  848.77           , 516.66            , 0.13113977015018463, 43.77785732374663 ,   44.93757850402965 , -1.1597211802830216 , 1.1597211802830216  , -2.580738034602881
frame_153714.png, 15:37:14 ,   1762439834.0, 45.7842197, 15.9102974        , 159.418           , 0.0510215759277343,  846.7            , 518.12            , 0.13048698008060455, 43.941422005858406,   44.93650373086536 , -0.9950817250069548 , 0.9950817250069548  , -2.2144173275400303
frame_153715.png, 15:37:15 ,   1762439835.0, 45.7842202, 15.9102972        , 159.413           , 0.0507831573486328,  843.52           , 518.36            , 0.1359533816576004 , 42.608337694557385,   44.96192522474931 , -2.3535875301919233 , 2.3535875301919233  , -5.234623558549024
frame_153716.png, 15:37:16 ,   1762439836.0, 45.7842204, 15.9102981        , 159.412           , 0.0505447387695312,  841.68           , 518.13            , 0.13364018499851227, 43.16245365381818 ,   45.02890059254596 , -1.8664469387277762 , 1.8664469387277762  , -4.144997799561525
frame_153717.png, 15:37:17 ,   1762439837.0, 45.7842206, 15.910298699999998, 159.416           , 0.0500679016113281,  842.41           , 517.89            , 0.1375063806772232 , 42.24423772997237 ,   45.07826856116654 , -2.8340308311941698 , 2.8340308311941698  , -6.286911457898352
frame_153718.png, 15:37:18 ,   1762439838.0, 45.7842208, 15.9102992        , 159.409           , 0.0498294830322265,  843.14           , 517.65            , 0.13468417525291443, 42.910596375381836,   45.12230461303277 , -2.2117082376509316 , 2.2117082376509316  , -4.9015852727790845
frame_153719.png, 15:37:19 ,   1762439839.0, 45.784221 , 15.9102996        , 159.409           , 0.049591064453125 ,  842.9            , 517.89            , 0.1299799233675003 , 44.06931723730082 ,   45.1602386393037  , -1.090921402002877  , 1.090921402002877   , -2.41566793018102
frame_153720.png, 15:37:20 ,   1762439840.0, 45.784221 , 15.9102999        , 159.409           , 0.0491142272949218,  843.76           , 518.36            , 0.1331949681043625 , 43.27076144135115 ,   45.17765696427437 , -1.9068955229232216 , 1.9068955229232216  , -4.220881849696539
frame_153721.png, 15:37:21 ,   1762439841.0, 45.7842213, 15.9103           , 159.413           , 0.0488758087158203,  844.6            , 517.41            , 0.1310361623764038 , 43.80373619824797 ,   45.20535961410904 , -1.4016234158610743 , 1.4016234158610743  , -3.1005691091186756
frame_153722.png, 15:37:22 ,   1762439842.0, 45.7842212, 15.9103002        , 159.412           , 0.0483989715576171,  843.97           , 518.38            , 0.1363372951745987 , 42.51774657655167 ,   45.20965794596359 , -2.691911369411919  , 2.691911369411919   , -5.954283867021069
frame_153723.png, 15:37:23 ,   1762439843.0, 45.7842213, 15.9103002        , 159.417           , 0.0481605529785156,  844.25           , 518.36            , 0.12989675998687744, 44.09036468962424 ,   45.21680053773982 , -1.1264358481155838 , 1.1264358481155838  , -2.4911887500209433
frame_153724.png, 15:37:24 ,   1762439844.0, 45.7842213, 15.9103002        , 159.41400000000002, 0.047922134399414 ,  845.83           , 517.41            , 0.13565164804458618, 42.67980841032223 ,   45.216927824319825, -2.537119413997594  , 2.537119413997594   , -5.610994678486339
frame_153725.png, 15:37:25 ,   1762439845.0, 45.7842214, 15.9103002        , 159.41400000000002, 0.0474452972412109,  844.85           , 517.65            , 0.13426730036735535, 43.01081197051394 ,   45.22428422246954 , -2.2134722519556007 , 2.2134722519556007  , -4.894432913668634
frame_153726.png, 15:37:26 ,   1762439846.0, 45.7842214, 15.9103001        , 159.411           , 0.0472068786621093,  844.11           , 516.68            , 0.1335797756910324 , 43.17711760529023 ,   45.21860700857747 , -2.041489403287244  , 2.041489403287244   , -4.514710952727925
frame_153727.png, 15:37:27 ,   1762439847.0, 45.7842215, 15.9103           , 159.416           , 0.0469684600830078,  843.38           , 517.41            , 0.13611476123332977, 42.57021036898906 ,   45.21995036773976 , -2.6497399987507038 , 2.6497399987507038  , -5.859670294200605
frame_153728.png, 15:37:28 ,   1762439848.0, 45.7842207, 15.9102999        , 159.41400000000002, 0.0464916229248046,  842.41           , 517.17            , 0.12899157404899597, 44.320761301030764,   45.155389582771214, -0.83462828174045   , 0.83462828174045    , -1.848346984606457
frame_153729.png, 15:37:29 ,   1762439849.0, 45.7842194, 15.9102997        , 159.42000000000002, 0.0462532043457031,  845.34           , 515.82            , 0.13130775094032288, 43.735964443999464,   45.04808177881696 , -1.3121173348174935 , 1.3121173348174935  , -2.912704121919999
frame_153730.png, 15:37:30 ,   1762439850.0, 45.784218 , 15.9102994        , 159.417           , 0.0460147857666015,  849.01           , 516.92            , 0.13259519636631012, 43.417530001658335,   44.92822712904787 , -1.510697127389534  , 1.510697127389534   , -3.3624677044352116
frame_153731.png, 15:37:31 ,   1762439851.0, 45.7842173, 15.910298999999998, 159.41            , 0.0455379486083984,  851.7            , 517.66            , 0.13414159417152405, 43.04112332255773 ,   44.85402852884248 , -1.8129052062847464 , 1.8129052062847464  , -4.04178903377429
frame_153732.png, 15:37:32 ,   1762439852.0, 45.7842168, 15.9102988        , 159.404           , 0.0452995300292968,  853.9            , 516.8             , 0.13283659517765045, 43.35833837749856 ,   44.80609979785443 , -1.4477614203558673 , 1.4477614203558673  , -3.231170369408485
frame_153733.png, 15:37:33 ,   1762439853.0, 45.7842164, 15.910298699999998, 159.406           , 0.0450611114501953,  855.0            , 517.21            , 0.1364382654428482 , 42.4939848171844  ,   44.77098672249025 , -2.277001905305852  , 2.277001905305852   , -5.085887249748782
frame_153734.png, 15:37:34 ,   1762439854.0, 45.7842153, 15.910298699999998, 159.41            , 0.0445842742919921,  853.97           , 517.06            , 0.1329980492591858 , 43.318839399637184,   44.69068040432802 , -1.371841004690836  , 1.371841004690836   , -3.0696355308969103
frame_153735.png, 15:37:35 ,   1762439855.0, 45.7842156, 15.9102985        , 159.411           , 0.0443458557128906,  857.81           , 517.9             , 0.13577449321746826, 42.65068153355026 ,   44.70077186953396 , -2.050090335983697  , 2.050090335983697   , -4.586252653460211
frame_153736.png, 15:37:36 ,   1762439856.0, 45.7842174, 15.9102982        , 159.413           , 0.044107437133789 ,  854.4            , 517.04            , 0.13647273182868958, 42.485879776377246,   44.81453716304466 , -2.328657386667416  , 2.328657386667416   , -5.1962098329728885
frame_153737.png, 15:37:37 ,   1762439857.0, 45.7842189, 15.9102979        , 159.41400000000002, 0.0436305999755859,  849.5            , 517.04            , 0.12982375919818878, 44.10885671285934 ,   44.906932924779326, -0.7980762119199838 , 0.7980762119199838  , -1.7771781770462685
frame_153738.png, 15:37:38 ,   1762439858.0, 45.7842201, 15.9102977        , 159.419           , 0.0433921813964843,  845.1            , 517.28            , 0.13222171366214752, 43.50942806691521 ,   44.98330888223332 , -1.473880815318104  , 1.473880815318104   , -3.276506001763313
frame_153739.png, 15:37:39 ,   1762439859.0, 45.7842209, 15.9102975        , 159.417           , 0.0431537628173828,  842.17           , 517.28            , 0.13371805846691132, 43.143565084750605,   45.030741134654974, -1.8871760499043688 , 1.8871760499043688  , -4.190861625530801
frame_153740.png, 15:37:40 ,   1762439860.0, 45.7842217, 15.9102973        , 159.409           , 0.0426769256591796,  838.99           , 516.55            , 0.13684144616127014, 42.399366772417515,   45.07856026600429 , -2.679193493586773  , 2.679193493586773   , -5.943387450213821
frame_153741.png, 15:37:41 ,   1762439861.0, 45.784222 , 15.9102972        , 159.412           , 0.0424385070800781,  836.05           , 516.55            , 0.1361597627401352 , 42.559590536193134,   45.09482479808218 , -2.5352342618890447 , 2.5352342618890447  , -5.622007122193908
frame_153742.png, 15:37:42 ,   1762439862.0, 45.7842219, 15.9102972        , 159.409           , 0.0422000885009765,  836.54           , 516.55            , 0.13203385472297668, 43.55579929673488 ,   45.08755880793713 , -1.531759511202246  , 1.531759511202246   , -3.3972997245807814
frame_153743.png, 15:37:43 ,   1762439863.0, 45.784222 , 15.910297         , 159.411           , 0.0417232513427734,  834.83           , 516.79            , 0.13807521760463715, 42.112426348928345,   45.08330532604281 , -2.9708789771144666 , 2.9708789771144666  , -6.5897541354367135
frame_153744.png, 15:37:44 ,   1762439864.0, 45.7842219, 15.9102968        , 159.411           , 0.0414848327636718,  835.56           , 516.55            , 0.1365201771259308 , 42.4747276989243  ,   45.064347830587785, -2.5896201316634873 , 2.5896201316634873  , -5.746494194032832
frame_153745.png, 15:37:45 ,   1762439865.0, 45.7842218, 15.9102965        , 159.41            , 0.0412464141845703,  834.58           , 516.79            , 0.13208124041557312, 43.5440932606603  ,   45.03965345889103 , -1.4955601982307343 , 1.4955601982307343  , -3.320541086302484
frame_153746.png, 15:37:46 ,   1762439866.0, 45.7842218, 15.9102963        , 159.412           , 0.0407695770263671,  833.98           , 517.78            , 0.13219395279884338, 43.516274359170254,   45.02801045889443 , -1.5117360997241747 , 1.5117360997241747  , -3.3573237731749703
frame_153747.png, 15:37:47 ,   1762439867.0, 45.7842217, 15.9102961        , 159.407           , 0.0405311584472656,  834.34           , 516.79            , 0.13534818589687347, 42.75193079997506 ,   45.009267661262605, -2.2573368612875484 , 2.2573368612875484  , -5.0152712509702395
frame_153748.png, 15:37:48 ,   1762439868.0, 45.7842218, 15.9102959        , 159.413           , 0.040292739868164 ,  833.85           , 517.77            , 0.13323812186717987, 43.260239654130444,   45.00485967492695 , -1.7446200207965035 , 1.7446200207965035  , -3.876514743958782
frame_153749.png, 15:37:49 ,   1762439869.0, 45.784222 , 15.9102959        , 159.41400000000002, 0.0398159027099609,  833.85           , 517.77            , 0.12874452769756317, 44.38406077136925 ,   45.01962812728453 , -0.6355673559152777 , 0.6355673559152777  , -1.4117561213929413
frame_153750.png, 15:37:50 ,   1762439870.0, 45.784222 , 15.9102956        , 159.411           , 0.0395774841308593,  832.75           , 517.52            , 0.1292313039302826 , 44.25950886598441 ,   45.00243706799242 , -0.7429282020080095 , 0.7429282020080095  , -1.6508621541663364
frame_153751.png, 15:37:51 ,   1762439871.0, 45.7842214, 15.9102951        , 159.41            , 0.0393390655517578,  832.02           , 516.91            , 0.13075298070907593, 43.8746249112955  ,   44.92916608967115 , -1.0545411783756506 , 1.0545411783756506  , -2.347119410743039
frame_153752.png, 15:37:52 ,   1762439872.0, 45.7842198, 15.9102965        , 159.405           , 0.0388622283935546,  832.75           , 516.54            , 0.1377454549074173 , 42.18873885580027 ,   44.892208882818004, -2.7034700270177368 , 2.7034700270177368  , -6.022136344581743
frame_153753.png, 15:37:53 ,   1762439873.0, 45.7842186, 15.9103012        , 159.40200000000002, 0.0386238098144531,  841.19           , 518.02            , 0.1287659853696823 , 44.37855560829718 ,   45.07774527409023 , -0.6991896657930567 , 0.6991896657930567  , -1.5510750627426273
frame_153754.png, 15:37:54 ,   1762439874.0, 45.7842179, 15.9103071        , 159.405           , 0.0383853912353515,  854.64           , 516.55            , 0.13331863284111023, 43.24062307246548 ,   45.37230792463694 , -2.1316848521714604 , 2.1316848521714604  , -4.698206791050111
frame_153755.png, 15:37:55 ,   1762439875.0, 45.7842174, 15.9103134        , 159.406           , 0.0379085540771484,  868.09           , 516.79            , 0.12665653228759766, 44.926367843914036,   45.707782265842766, -0.78141442192873   , 0.78141442192873    , -1.7095872588696512
frame_153756.png, 15:37:56 ,   1762439876.0, 45.7842171, 15.9103198        , 159.409           , 0.0376701354980468,  878.09           , 513.97            , 0.12743626534938812, 44.7223073909482  ,   46.06614674393395 , -1.3438393529857464 , 1.3438393529857464  , -2.917195050968106
frame_153757.png, 15:37:57 ,   1762439877.0, 45.784217 , 15.9103262        , 159.40200000000002, 0.0374317169189453,  889.18           , 514.65            , 0.12613622844219208, 45.06357329193219 ,   46.44158043033562 , -1.378007138403433  , 1.378007138403433   , -2.9671839882161275
frame_153758.png, 15:37:58 ,   1762439878.0, 45.7842177, 15.9103324        , 159.40200000000002, 0.0369548797607421,  900.54           , 513.47            , 0.12098754197359085, 46.46788115633338 ,   46.862900006785935, -0.39501885045255847, 0.39501885045255847 , -0.8429244677460381
frame_153759.png, 15:37:59 ,   1762439879.0, 45.7842188, 15.9103374        , 159.40800000000002, 0.0367164611816406,  906.81           , 513.47            , 0.12355892360210419, 45.75576213498019 ,   47.240677381920364, -1.4849152469401758 , 1.4849152469401758  , -3.1432979568334316
frame_153800.png, 15:38:00 ,   1762439880.0, 45.7842194, 15.9103417        , 159.407           , 0.036478042602539 ,  911.5            , 512.69            , 0.12037242949008942, 46.64152827009606 ,   47.54215094148899 , -0.9006226713929308 , 0.9006226713929308  , -1.8943666905213101
frame_153801.png, 15:38:01 ,   1762439881.0, 45.7842194, 15.9103452        , 159.411           , 0.0360012054443359,  918.16           , 511.9100000000001 , 0.12296975404024124, 45.9169925294157  ,   47.753931684601625, -1.8369391551859238 , 1.8369391551859238  , -3.846676263890224
frame_153802.png, 15:38:02 ,   1762439882.0, 45.7842193, 15.9103477        , 159.412           , 0.0357627868652343,  923.64           , 509.94999999999993, 0.11978328973054886, 46.809064389594795,   47.89875354020414 , -1.0896891506093453 , 1.0896891506093453  , -2.2749843577760482
frame_153803.png, 15:38:03 ,   1762439883.0, 45.7842193, 15.9103496        , 159.412           , 0.0355243682861328,  926.38           , 510.74            , 0.12533333897590637, 45.27694946939142 ,   48.014306640510725, -2.7373571711193065 , 2.7373571711193065  , -5.701128190008555
frame_153804.png, 15:38:04 ,   1762439884.0, 45.7842194, 15.9103512        , 159.418           , 0.0350475311279296,  930.69           , 509.17            , 0.11496102064847946, 48.22700849179837 ,   48.11837235524306 , 0.10863613655531168 , 0.10863613655531168 , 0.2257685188378457
frame_153805.png, 15:38:05 ,   1762439885.0, 45.7842194, 15.9103525        , 159.419           , 0.0348091125488281,  932.5            , 509.12000000000006, 0.11371345072984695, 48.60794258503794 ,   48.1975839178992  , 0.4103586671387376  , 0.4103586671387376  , 0.8514092072286265
frame_153806.png, 15:38:06 ,   1762439886.0, 45.7842195, 15.9103535        , 159.413           , 0.0345706939697265,  933.63           , 509.38            , 0.11474364995956421, 48.29295053986484 ,   48.26568379241548 , 0.027266747449360196, 0.027266747449360196, 0.05649303046576731
frame_153807.png, 15:38:07 ,   1762439887.0, 45.7842197, 15.9103543        , 159.417           , 0.0340938568115234,  935.59           , 509.26            , 0.11480534821748734, 48.2742153002902  ,   48.32804490069669 , -0.05382960040648754, 0.05382960040648754 , -0.11138377419797413
frame_153808.png, 15:38:08 ,   1762439888.0, 45.7842199, 15.9103551        , 159.412           , 0.0338554382324218,  935.39           , 509.57            , 0.11463040858507156, 48.32737518453068 ,   48.39077234935778 , -0.06339716482710145, 0.06339716482710145 , -0.13101085547757915
frame_153809.png, 15:38:09 ,   1762439889.0, 45.7842206, 15.9103572        , 159.416           , 0.0336170196533203,  937.35           , 508.4             , 0.113667793571949  , 48.6219977613513  ,   48.5667457362224  , 0.05525202512890104 , 0.05525202512890104 , 0.11376513762933178
frame_153810.png, 15:38:10 ,   1762439890.0, 45.7842224, 15.9103607        , 159.417           , 0.0331401824951171,  938.52           , 509.96            , 0.11511237919330597, 48.1811982852172  ,   48.903548874253175, -0.722350589035976  , 0.722350589035976   , -1.4770923699083123
frame_153811.png, 15:38:11 ,   1762439891.0, 45.7842229, 15.9103632        , 159.415           , 0.0329017639160156,  937.94           , 508.21            , 0.11369619518518448, 48.61325360563919 ,   49.090633190789895, -0.47737958515070744, 0.47737958515070744 , -0.9724453610027394
frame_153812.png, 15:38:12 ,   1762439892.0, 45.7842219, 15.9103652        , 159.425           , 0.032663345336914 ,  941.07           , 506.96            , 0.10967942327260971, 49.88196487788379 ,   49.1448185375287  , 0.7371463403550891  , 0.7371463403550891  , 1.4999472218870407
frame_153813.png, 15:38:13 ,   1762439893.0, 45.7842214, 15.9103688        , 159.416           , 0.0321865081787109,  945.21           , 507.52            , 0.11497620493173599, 48.222408882878405,   49.33265873037698 , -1.1102498474985723 , 1.1102498474985723  , -2.2505372223429894
frame_153814.png, 15:38:14 ,   1762439894.0, 45.7842217, 15.9103722        , 159.416           , 0.0319480895996093,  952.74           , 506.58            , 0.11320684850215912, 48.76435246476781 ,   49.5624343559143  , -0.798081891146488  , 0.798081891146488   , -1.6102556331582867
frame_153815.png, 15:38:15 ,   1762439895.0, 45.784222 , 15.9103745        , 159.419           , 0.0317096710205078,  956.92           , 508.39            , 0.1117510199546814 , 49.219484219291836,   49.72446672194739 , -0.504982502655551  , 0.504982502655551   , -1.0155614246792148
frame_153816.png, 15:38:16 ,   1762439896.0, 45.7842223, 15.9103763        , 159.418           , 0.0312328338623046,  957.39           , 506.18            , 0.1086813434958458 , 50.20755050740223 ,   49.85586325327201 , 0.3516872541302192  , 0.3516872541302192  , 0.7054080125814253
frame_153817.png, 15:38:17 ,   1762439897.0, 45.7842225, 15.9103777        , 159.417           , 0.0309944152832031,  960.15           , 505.59            , 0.1115366742014885 , 49.28721305178506 ,   49.95588590480507 , -0.6686728530200128 , 0.6686728530200128  , -1.3385266638934645
frame_153818.png, 15:38:18 ,   1762439898.0, 45.7842228, 15.9103789        , 159.416           , 0.0307559967041015,  961.78           , 506.2             , 0.11264269053936005, 48.93972115588809 ,   50.05025157449709 , -1.1105304186090024 , 1.1105304186090024  , -2.2188308423505885
frame_153819.png, 15:38:19 ,   1762439899.0, 45.784223 , 15.9103798        , 159.418           , 0.0302791595458984,  962.83           , 506.43            , 0.11107707768678665, 49.433066239062725,   50.11926241481409 , -0.6861961757513626 , 0.6861961757513626  , -1.3691266445065222
frame_153820.png, 15:38:20 ,   1762439900.0, 45.7842232, 15.9103806        , 159.418           , 0.0300407409667968,  961.62           , 506.6499999999999 , 0.10933417081832886, 49.994111595808995,   50.182166593620465, -0.18805499781147006, 0.18805499781147006 , -0.37474467639939846
frame_153821.png, 15:38:21 ,   1762439901.0, 45.7842235, 15.9103811        , 159.417           , 0.0298023223876953,  963.84           , 506.96            , 0.11182496696710587, 49.19616165511612 ,   50.23320302753305 , -1.0370413724169296 , 1.0370413724169296  , -2.064454006344215
frame_153822.png, 15:38:22 ,   1762439902.0, 45.7842237, 15.9103816        , 159.418           , 0.0293254852294921,  962.83           , 505.92            , 0.10899579524993896, 50.104514907658725,   50.277488393459095, -0.17297348580036953, 0.17297348580036953 , -0.3440376425463463
frame_153823.png, 15:38:23 ,   1762439903.0, 45.7842239, 15.9103819        , 159.418           , 0.0290870666503906,  961.84           , 506.42            , 0.11100739985704422, 49.45525392383438 ,   50.30942228476293 , -0.8541683609285542 , 0.8541683609285542  , -1.6978297943748277
frame_153824.png, 15:38:24 ,   1762439904.0, 45.7842241, 15.9103822        , 159.419           , 0.028848648071289 ,  963.21           , 506.81            , 0.1103086769580841 , 49.67885628612491 ,   50.34131844274934 , -0.6624621566244286 , 0.6624621566244286  , -1.3159412131365087
frame_153825.png, 15:38:25 ,   1762439905.0, 45.7842244, 15.9103824        , 159.417           , 0.0283718109130859,  961.43           , 504.69            , 0.10841357707977295, 50.29562349363786 ,   50.37381317767652 , -0.07818968403865512, 0.07818968403865512 , -0.15521891059322343
frame_153826.png, 15:38:26 ,   1762439906.0, 45.7842245, 15.9103826        , 159.421           , 0.0281333923339843,  962.21           , 505.87            , 0.10960867255926132, 49.90490548983671 ,   50.39272539947825 , -0.4878199096415443 , 0.4878199096415443  , -0.9680363698816635
frame_153827.png, 15:38:27 ,   1762439907.0, 45.7842255, 15.9103822        , 159.42000000000002, 0.0278949737548828,  961.78           , 506.2             , 0.11189050227403641, 49.17551057262721 ,   50.43489310730401 , -1.2593825346768028 , 1.2593825346768028  , -2.497046106546458
frame_153828.png, 15:38:28 ,   1762439908.0, 45.7842253, 15.910384         , 159.423           , 0.0274181365966796,  961.77           , 505.8200000000001 , 0.10817209631204605, 50.375316078644225,   50.53277903323596 , -0.1574629545917361 , 0.1574629545917361  , -0.3116055708873066
frame_153829.png, 15:38:29 ,   1762439909.0, 45.7842243, 15.9103867        , 159.425           , 0.0271797180175781,  963.09           , 504.91            , 0.1073579266667366 , 50.645876438452945,   50.63355453664973 , 0.012321901803211688, 0.012321901803211688, 0.024335446950090798
frame_153830.png, 15:38:30 ,   1762439910.0, 45.7842252, 15.9103903        , 159.416           , 0.0269412994384765,  970.1799999999998, 505.29            , 0.11039403080940247, 49.65143335408807 ,   50.91737963890091 , -1.2659462848128413 , 1.2659462848128413  , -2.4862754010335157
frame_153831.png, 15:38:31 ,   1762439911.0, 45.7842283, 15.9103932        , 159.416           , 0.0264644622802734,  971.61           , 505.09            , 0.1062120869755745 , 51.031616427518856,   51.30338977244892 , -0.271773344930061  , 0.271773344930061   , -0.529737598500771
frame_153832.png, 15:38:32 ,   1762439912.0, 45.7842314, 15.9103963        , 159.417           , 0.0262260437011718,  966.34           , 504.85            , 0.10961828380823135, 49.90178784559092 ,   51.70214697347181 , -1.8003591278808955 , 1.8003591278808955  , -3.482174790158431
frame_153833.png, 15:38:33 ,   1762439913.0, 45.7842336, 15.910400999999998, 159.418           , 0.0259876251220703,  964.22           , 504.7             , 0.10737945884466171, 50.63868357453389 ,   52.140136870154805, -1.5014532956209123 , 1.5014532956209123  , -2.879649701265647
frame_153834.png, 15:38:34 ,   1762439914.0, 45.7842354, 15.910406         , 159.415           , 0.0255107879638671,  966.13           , 502.73            , 0.10828836262226105, 50.336914802770195,   52.57024352706351 , -2.2333287242933153 , 2.2333287242933153  , -4.248275401546472
frame_153835.png, 15:38:35 ,   1762439915.0, 45.7842375, 15.9104111        , 159.41            , 0.0252723693847656,  965.91           , 504.31            , 0.10794560611248016, 50.45029138751324 ,   53.026678493677444, -2.576387106164205  , 2.576387106164205   , -4.858662053425421
frame_153836.png, 15:38:36 ,   1762439916.0, 45.7842399, 15.9104157        , 159.405           , 0.025033950805664 ,  968.66           , 503.77            , 0.10480128973722458, 51.51470024415415 ,   53.47204740515533 , -1.9573471610011808 , 1.9573471610011808  , -3.6605053593150236
frame_153837.png, 15:38:37 ,   1762439917.0, 45.7842444, 15.9104178        , 159.405           , 0.0247955322265625,  966.13           , 501.95            , 0.1038404032588005 , 51.848996103359525,   53.90253593425075 , -2.053539830891225  , 2.053539830891225   , -3.809727678482683
frame_153838.png, 15:38:38 ,   1762439918.0, 45.7842493, 15.9104183        , 159.404           , 0.0243186950683593,  957.12           , 503.13000000000005, 0.10342175513505936, 51.996006101902175,   54.263354728422506, -2.267348626520331  , 2.267348626520331   , -4.178415871757226
frame_153839.png, 15:38:39 ,   1762439919.0, 45.7842541, 15.9104175        , 159.409           , 0.0240802764892578,  946.18           , 501.47            , 0.10397922247648239, 51.80043252087729 ,   54.54078702508369 , -2.740354504206401  , 2.740354504206401   , -5.024413202812958
frame_153840.png, 15:38:40 ,   1762439920.0, 45.7842586, 15.9104163        , 159.407           , 0.0238418579101562,  935.35           , 501.87            , 0.10508877038955688, 51.415520856064276,   54.77731815176922 , -3.361797295704946  , 3.361797295704946   , -6.137206802258108
frame_153841.png, 15:38:41 ,   1762439921.0, 45.7842629, 15.9104144        , 159.41            , 0.0233650207519531,  919.89           , 502.27            , 0.10572647303342819, 51.19687397455126 ,   54.96120666675488 , -3.7643326922036238 , 3.7643326922036238  , -6.849072137421985
frame_153842.png, 15:38:42 ,   1762439922.0, 45.784267 , 15.910412         , 159.415           , 0.0231266021728515,  908.37           , 501.9599999999999 , 0.10285701602697372, 52.19564238831994 ,   55.104908638464   , -2.9092662501440643 , 2.9092662501440643  , -5.2795047156894395
frame_153843.png, 15:38:43 ,   1762439923.0, 45.7842709, 15.9104092        , 159.41400000000002, 0.02288818359375  ,  892.66           , 501.37000000000006, 0.10787257552146912, 50.47451439311428 ,   55.21479864742872 , -4.740284254314439  , 4.740284254314439   , -8.585169864664874
frame_153844.png, 15:38:44 ,   1762439924.0, 45.7842735, 15.910407         , 159.417           , 0.0224113464355468,  883.64           , 501.49            , 0.10272422432899475, 52.24280730408883 ,   55.270465114689195, -3.027657810600367  , 3.027657810600367   , -5.477894575914666
frame_153845.png, 15:38:45 ,   1762439925.0, 45.7842766, 15.9104038        , 159.40800000000002, 0.0221729278564453,  873.67           , 504.32            , 0.10985212028026581, 49.826057094712155,   55.305970075142376, -5.479912980430221  , 5.479912980430221   , -9.908357041716918
frame_153846.png, 15:38:46 ,   1762439926.0, 45.7842799, 15.9103994        , 159.409           , 0.0219345092773437,  859.34           , 503.2600000000001 , 0.10815080255270004, 50.382355484085615,   55.28903649136121 , -4.906681007275594  , 4.906681007275594   , -8.87460031618068
frame_153847.png, 15:38:47 ,   1762439927.0, 45.784283 , 15.9103943        , 159.412           , 0.0214576721191406,  846.75           , 503.19            , 0.10589638352394104, 51.138930749059824,   55.2213067300476  , -4.082375980987777  , 4.082375980987777   , -7.392755120672347
frame_153848.png, 15:38:48 ,   1762439928.0, 45.7842857, 15.9103894        , 159.411           , 0.021219253540039 ,  831.6            , 503.27            , 0.10576900839805603, 51.18235615931611 ,   55.140169883487545, -3.9578137241714373 , 3.9578137241714373  , -7.177732191493769
frame_153849.png, 15:38:49 ,   1762439929.0, 45.7842878, 15.9103848        , 159.406           , 0.0209808349609375,  819.84           , 504.7             , 0.1099063977599144 , 49.808511538346224,   55.03513339527698 , -5.226621856930755  , 5.226621856930755   , -9.496882326770729
frame_153850.png, 15:38:50 ,   1762439930.0, 45.7842897, 15.9103818        , 159.409           , 0.0205039978027343,  806.65           , 504.32            , 0.10564082860946655, 51.22613041420439 ,   55.00829538359611 , -3.7821649693917223 , 3.7821649693917223  , -6.875626563261207
frame_153851.png, 15:38:51 ,   1762439931.0, 45.7842911, 15.9103796        , 159.411           , 0.0202655792236328,  798.86           , 504.88999999999993, 0.09638520330190659, 54.597922769102425,   54.99026215846688 , -0.39233938936445156, 0.39233938936445156 , -0.7134706654677093
frame_153852.png, 15:38:52 ,   1762439932.0, 45.7842929, 15.910378         , 159.41            , 0.0200271606445312,                   ,                   ,                    ,                   ,                     ,                     ,                     , 
frame_153853.png, 15:38:53 ,   1762439933.0, 45.7842968, 15.9103783        , 159.40800000000002, 0.0195503234863281,                   ,                   ,                    ,                   ,                     ,                     ,                     , 
frame_153854.png, 15:38:54 ,   1762439934.0, 45.7843018, 15.9103801        , 159.401           , 0.0193119049072265,                   ,                   ,                    ,                   ,                     ,                     ,                     , 
frame_153855.png, 15:38:55 ,   1762439935.0, 45.7843067, 15.910381999999998, 159.398           , 0.019073486328125 ,                   ,                   ,                    ,                   ,                     ,                     ,                     , 
frame_153856.png, 15:38:56 ,   1762439936.0, 45.7843116, 15.9103837        , 159.405           , 0.0185966491699218,                   ,                   ,                    ,                   ,                     ,                     ,                     , 
frame_153857.png, 15:38:57 ,   1762439937.0, 45.7843168, 15.9103854        , 159.404           , 0.0183582305908203,                   ,                   ,                    ,                   ,                     ,                     ,                     , 
frame_153858.png, 15:38:58 ,   1762439938.0, 45.7843221, 15.9103869        , 159.409           , 0.0181198120117187,                   ,                   ,                    ,                   ,                     ,                     ,                     , 
frame_153859.png, 15:38:59 ,   1762439939.0, 45.7843275, 15.9103882        , 159.406           , 0.0176429748535156,                   ,                   ,                    ,                   ,                     ,                     ,                     , 
frame_153900.png, 15:39:00 ,   1762439940.0, 45.7843329, 15.9103892        , 159.409           , 0.017404556274414 ,                   ,                   ,                    ,                   ,                     ,                     ,                     , 
frame_153901.png, 15:39:01 ,   1762439941.0, 45.7843384, 15.9103898        , 159.407           , 0.0171661376953125,  714.87           , 505.68000000000006, 0.1032046303153038 , 52.072579149408185,   59.26051013022998 , -7.187930980821797  , 7.187930980821797   , -12.129377497807074
frame_153902.png, 15:39:02 ,   1762439942.0, 45.7843439, 15.9103901        , 159.401           , 0.0166893005371093,  703.47           , 505.06000000000006, 0.10797334462404251, 50.441097085990684,   59.72115620163276 , -9.280059115642075  , 9.280059115642075   , -15.538981000820545
frame_153903.png, 15:39:03 ,   1762439943.0, 45.7843495, 15.910389599999998, 159.397           , 0.0164508819580078,  691.82           , 505.07            , 0.10348229110240936, 51.97469711384737 ,   60.15051219906717 , -8.175815085219803  , 8.175815085219803   , -13.592261788498277
frame_153904.png, 15:39:04 ,   1762439944.0, 45.7843545, 15.9103885        , 159.398           , 0.0162124633789062,  680.35           , 505.55            , 0.10295872390270233, 52.15957536805495 ,   60.502473750094985, -8.342898382040033  , 8.342898382040033   , -13.78935085613245
frame_153905.png, 15:39:05 ,   1762439945.0, 45.7843596, 15.9103875        , 159.395           , 0.0157356262207031,  670.11           , 506.05            , 0.1052417904138565 , 51.36288528920899 ,   60.871174261404015, -9.508288972195025  , 9.508288972195025   , -15.62034754145338
frame_153906.png, 15:39:06 ,   1762439946.0, 45.7843648, 15.910386099999998, 159.403           , 0.0154972076416015,  658.31           , 506.05            , 0.09355193376541138, 55.720632364707534,   61.23045456697842 , -5.50982220227089   , 5.50982220227089    , -8.99849958854027
frame_153907.png, 15:39:07 ,   1762439947.0, 45.7843701, 15.9103867        , 159.413           , 0.0152587890625   ,  645.42           , 506.04            , 0.08964875340461731, 57.345128077464274,   61.70342328700132 , -4.358295209537047  , 4.358295209537047   , -7.063295644498193
frame_153908.png, 15:39:08 ,   1762439948.0, 45.7843752, 15.9103892        , 159.413           , 0.0147819519042968,  635.24           , 505.06000000000006, 0.08464566618204117, 59.5713019389014  ,   62.258249367807174, -2.686947428905775  , 2.686947428905775   , -4.315809480976437
frame_153909.png, 15:39:09 ,   1762439949.0, 45.784379 , 15.9103944        , 159.409           , 0.0145435333251953,  630.88           , 506.08            , 0.08794786036014557, 58.08304986065683 ,   62.84149637946951 , -4.758446518812683  , 4.758446518812683   , -7.572140692001854
frame_153910.png, 15:39:10 ,   1762439950.0, 45.7843828, 15.9103999        , 159.401           , 0.0143051147460937,  632.32           , 504.69            , 0.08692574501037598, 58.535694608169486,   63.44012740440091 , -4.904432796231426  , 4.904432796231426   , -7.730805401710464
frame_153911.png, 15:39:11 ,   1762439951.0, 45.7843867, 15.9104059        , 159.391           , 0.0140666961669921,  635.01           , 504.15            , 0.08413197845220566, 59.80969590790492 ,   64.07267768660294 , -4.262981778698027  , 4.262981778698027   , -6.65335355508231
frame_153912.png, 15:39:12 ,   1762439952.0, 45.7843907, 15.9104116        , 159.41            , 0.013589859008789 ,  635.64           , 504.28            , 0.08594781905412674, 58.975423706627176,   64.6975229733342  , -5.722099266707026  , 5.722099266707026   , -8.844386931266985
frame_153913.png, 15:39:13 ,   1762439953.0, 45.7843957, 15.9104155        , 159.406           , 0.0133514404296875,  636.4            , 502.13000000000005, 0.07307789474725723, 65.44557996229312 ,   65.31532899826907 , 0.13025096402405723 , 0.13025096402405723 , 0.19941867555701823
frame_153914.png, 15:39:14 ,   1762439954.0, 45.7844007, 15.910418         , 159.41400000000002, 0.0131130218505859,  631.97           , 502.25000000000006, 0.07843764871358871, 62.58607863487593 ,   65.86215943497787 , -3.276080800101937  , 3.276080800101937   , -4.974147261807038
frame_153915.png, 15:39:15 ,   1762439955.0, 45.7844036, 15.9104188        , 159.41400000000002, 0.0126361846923828,  626.01           , 501.87            , 0.07057126611471176, 66.87453471181882 ,   66.14696987778996 , 0.7275648340288683  , 0.7275648340288683  , 1.0999216371862277
frame_153916.png, 15:39:16 ,   1762439956.0, 45.7844065, 15.9104188        , 159.421           , 0.0123977661132812,  623.57           , 502.23            , 0.0694085881114006 , 67.55874434536182 ,   66.39173714398514 , 1.167007201376677   , 1.167007201376677   , 1.7577597026054077
frame_153917.png, 15:39:17 ,   1762439957.0, 45.7844099, 15.9104179        , 159.425           , 0.0121593475341796,  617.46           , 502.81            , 0.07176632434129715, 66.18556440995657 ,   66.63463045903931 , -0.44906604908274517, 0.44906604908274517 , -0.6739229226442377
frame_153918.png, 15:39:18 ,   1762439958.0, 45.7844111, 15.9104187        , 159.421           , 0.0116825103759765,  610.81           , 502.38000000000005, 0.07569382339715958, 64.01801524212873 ,   66.77666228751326 , -2.758647045384535  , 2.758647045384535   , -4.131154434624058
frame_153919.png, 15:39:19 ,   1762439959.0, 45.7844106, 15.9104207        , 159.416           , 0.011444091796875 ,  611.19           , 501.75000000000006, 0.06927652657032013, 67.63734603366132 ,   66.83447728320913 , 0.8028687504521912  , 0.8028687504521912  , 1.201279314342594
frame_153920.png, 15:39:20 ,   1762439960.0, 45.7844095, 15.9104227        , 159.425           , 0.0112056732177734,  613.6            , 502.36            , 0.07093790173530579, 66.66164296310842 ,   66.84148997661673 , -0.1798470135083079 , 0.1798470135083079  , -0.26906493791688973
frame_153921.png, 15:39:21 ,   1762439961.0, 45.7844116, 15.9104256        , 159.415           , 0.0107288360595703,  617.65           , 502.89            , 0.07467443495988846, 64.56684654122225 ,   67.16523813567925 , -2.5983915944569986 , 2.5983915944569986  , -3.868655373793265
frame_153922.png, 15:39:22 ,   1762439962.0, 45.7844152, 15.9104272        , 159.419           , 0.0104904174804687,  618.41           , 502.00000000000006, 0.08098546415567398, 61.312625385648296,   67.55021366724327 , -6.237588281594974  , 6.237588281594974   , -9.234002296901291
frame_153923.png, 15:39:23 ,   1762439963.0, 45.7844167, 15.91043          , 159.421           , 0.0102519989013671,  615.75           , 502.13000000000005, 0.07602614164352417, 63.84110857574151 ,   67.8177467725645  , -3.9766381968229965 , 3.9766381968229965  , -5.863713240369312
frame_153924.png, 15:39:24 ,   1762439964.0, 45.7844175, 15.9104323        , 159.416           , 0.009775161743164 ,  616.13           , 500.99000000000007, 0.07384476810693741, 65.0205281709189  ,   68.0011704961254  , -2.980642325206503  , 2.980642325206503   , -4.383222087884995
frame_153925.png, 15:39:25 ,   1762439965.0, 45.7844182, 15.9104339        , 159.418           , 0.0095367431640625,  618.79           , 501.12000000000006, 0.07518135011196136, 64.29275585602201 ,   68.14079678474631 , -3.848040928724302  , 3.848040928724302   , -5.647190978526548
frame_153926.png, 15:39:26 ,   1762439966.0, 45.7844188, 15.9104351        , 159.416           , 0.0092983245849609,  620.44           , 501.24            , 0.07152938842773438, 66.32103119589263 ,   68.2519716154311  , -1.930940419538473  , 1.930940419538473   , -2.829135003481579
frame_153927.png, 15:39:27 ,   1762439967.0, 45.7844193, 15.910436         , 159.42600000000002, 0.0088214874267578,  620.06           , 501.11            , 0.07238370180130005, 65.83516821451755 ,   68.33926241796111 , -2.5040942034435574 , 2.5040942034435574  , -3.6642101697390057
frame_153928.png, 15:39:28 ,   1762439968.0, 45.7844198, 15.9104368        , 159.421           , 0.0085830688476562,  620.44           , 500.35            , 0.07339143007993698, 65.27112821832092 ,   68.42193982447166 , -3.1508116061507394 , 3.1508116061507394  , -4.604972636311936
frame_153929.png, 15:39:29 ,   1762439969.0, 45.7844202, 15.9104372        , 159.422           , 0.0083446502685546,  620.82           , 501.36            , 0.07434074580669403, 64.74855247737214 ,   68.4758534228974  , -3.7273009455252577 , 3.7273009455252577  , -5.443234014924885
frame_153930.png, 15:39:30 ,   1762439970.0, 45.7844207, 15.9104378        , 159.42000000000002, 0.0078678131103515,  621.07           , 501.12000000000006, 0.07418351620435715, 64.83452468861258 ,   68.54837334292188 , -3.7138486543093023 , 3.7138486543093023  , -5.417850888642254
frame_153931.png, 15:39:31 ,   1762439971.0, 45.784421 , 15.9104378        , 159.417           , 0.00762939453125  ,  620.57           , 501.11            , 0.07262780517339706, 65.69764724310647 ,   68.57380658301042 , -2.87615933990395   , 2.87615933990395    , -4.194253583432447
frame_153932.png, 15:39:32 ,   1762439972.0, 45.7844191, 15.9104354        , 159.41400000000002, 0.0073909759521484,  620.57           , 500.6             , 0.07209782302379608, 65.99695802642081 ,   68.29248538950256 , -2.295527363081746  , 2.295527363081746   , -3.361317647160339
frame_153933.png, 15:39:33 ,   1762439973.0, 45.7844166, 15.910431699999998, 159.412           , 0.0069141387939453,  620.06           , 501.11            , 0.07395348697900772, 64.96071544211487 ,   67.8949917240126  , -2.9342762818977235 , 2.9342762818977235  , -4.321786051356054
frame_153934.png, 15:39:34 ,   1762439974.0, 45.7844154, 15.9104299        , 159.415           , 0.0066757202148437,  618.54           , 501.87            , 0.07403597980737686, 64.91540459852946 ,   67.70288367858389 , -2.7874790800544247 , 2.7874790800544247  , -4.117223563604535
frame_153935.png, 15:39:35 ,   1762439975.0, 45.7844166, 15.9104328        , 159.418           , 0.0064373016357421,  619.55           , 501.62000000000006, 0.07075248658657074, 66.76913700077672 ,   67.95019688013294 , -1.1810598793562122 , 1.1810598793562122  , -1.7381257650211854
frame_153936.png, 15:39:36 ,   1762439976.0, 45.7844171, 15.9104338        , 159.406           , 0.005960464477539 ,  621.07           , 501.12000000000006, 0.07618673890829086, 63.75596600077181 ,   68.04315075409559 , -4.2871847533237855 , 4.2871847533237855  , -6.300685235487475
frame_153937.png, 15:39:37 ,   1762439977.0, 45.7844174, 15.9104344        , 159.409           , 0.0057220458984375,  621.58           , 501.37000000000006, 0.07402198761701584, 64.92308563826711 ,   68.09863826614117 , -3.1755526278740547 , 3.1755526278740547  , -4.663166120096925
frame_153938.png, 15:39:38 ,   1762439978.0, 45.7844176, 15.9104347        , 159.41400000000002, 0.0054836273193359,  621.83           , 501.12000000000006, 0.07675136625766754, 63.45841641005441 ,   68.13050645292724 , -4.672090042872824  , 4.672090042872824   , -6.857559537005449
frame_153939.png, 15:39:39 ,   1762439979.0, 45.7844177, 15.910434899999998, 159.411           , 0.0050067901611328,  622.34           , 501.12000000000006, 0.07735525816679001, 63.14323351145932 ,   68.1491160666312  , -5.005882555171873  , 5.005882555171873   , -7.34548420301958
frame_153940.png, 15:39:40 ,   1762439980.0, 45.784418 , 15.9104347        , 159.413           , 0.0047683715820312,  622.59           , 501.12000000000006, 0.07556458562612534, 64.08707889220344 ,   68.16431769038674 , -4.077238798183302  , 4.077238798183302   , -5.98148552840032
frame_153941.png, 15:39:41 ,   1762439981.0, 45.7844181, 15.9104346        , 159.409           , 0.0045299530029296,  622.34           , 501.37000000000006, 0.0789036825299263 , 62.34920676350954 ,   68.16784126807015 , -5.818634504560606  , 5.818634504560606   , -8.535747056561197
frame_153942.png, 15:39:42 ,   1762439982.0, 45.7844183, 15.9104342        , 159.40800000000002, 0.0040531158447265,  622.34           , 501.37000000000006, 0.07773862034082413, 62.94476888706862 ,   68.16463075563603 , -5.219861868567406  , 5.219861868567406   , -7.65772778448714
frame_153943.png, 15:39:43 ,   1762439983.0, 45.7844184, 15.9104339        , 159.412           , 0.003814697265625 ,  623.35           , 501.37000000000006, 0.07351626455783844, 65.20192863220366 ,   68.15787493147039 , -2.955946299266728  , 2.955946299266728   , -4.336910888490576
frame_153944.png, 15:39:44 ,   1762439984.0, 45.7844186, 15.9104335        , 159.41            , 0.0035762786865234,  621.32           , 501.37000000000006, 0.07746367901563644, 63.08697778595586 ,   68.15472771696479 , -5.067749931008926  , 5.067749931008926   , -7.435654283668253
frame_153945.png, 15:39:45 ,   1762439985.0, 45.7844187, 15.9104331        , 159.411           , 0.0030994415283203,  621.07           , 501.37000000000006, 0.07885030657052994, 62.37624530380052 ,   68.14305405782362 , -5.766808754023096  , 5.766808754023096   , -8.462797615630201
frame_153946.png, 15:39:46 ,   1762439986.0, 45.7844189, 15.9104327        , 159.411           , 0.0028610229492187,  618.54           , 501.37000000000006, 0.07510894536972046, 64.33176279685976 ,   68.13988884107232 , -3.808126044212557  , 3.808126044212557   , -5.588688371791345
frame_153947.png, 15:39:47 ,   1762439987.0, 45.7844191, 15.9104322        , 159.41            , 0.0026226043701171,  618.54           , 501.37000000000006, 0.07898963242769241, 62.305716546171354,   68.13175466457123 , -5.826038118399879  , 5.826038118399879   , -8.551134705223497
frame_153948.png, 15:39:48 ,   1762439988.0, 45.7844192, 15.9104318        , 159.409           , 0.0023841857910156,  618.03           , 500.87000000000006, 0.07396194338798523, 64.95606768002084 ,   68.12018853288741 , -3.1641208528665743 , 3.1641208528665743  , -4.644909124611398
frame_153949.png, 15:39:49 ,   1762439989.0, 45.7844194, 15.9104313        , 159.411           , 0.0019073486328125,  617.27           , 501.88000000000005, 0.075010284781456  , 64.38499092300113 ,   68.1120178858897  , -3.727026962888573  , 3.727026962888573   , -5.4719080106136095
frame_153950.png, 15:39:50 ,   1762439990.0, 45.7844195, 15.9104309        , 159.404           , 0.0016689300537109,  616.51           , 501.88000000000005, 0.07806985825300217, 62.774290674997346,   68.10065539904838 , -5.326364724051032  , 5.326364724051032   , -7.8213119871464
frame_153951.png, 15:39:51 ,   1762439991.0, 45.7844176, 15.9104316        , 159.404           , 0.0014305114746093,  614.99           , 501.12000000000006, 0.08108040690422058, 61.26617173569431 ,   67.9747851422099  , -6.708613406515589  , 6.708613406515589   , -9.869267541604602
frame_153952.png, 15:39:52 ,   1762439992.0, 45.7844133, 15.9104336        , 159.404           , 0.0009536743164062,  623.35           , 501.12000000000006, 0.07873616367578506, 62.434145184317416,   67.71269361828487 , -5.278548433967458  , 5.278548433967458   , -7.7955079792336885
frame_153953.png, 15:39:53 ,   1762439993.0, 45.7844085, 15.9104359        , 159.41            , 0.0007152557373046,  631.2            , 500.87000000000006, 0.07044267654418945, 66.94952437470802 ,   67.42661986914182 , -0.4770954944337973 , 0.4770954944337973  , -0.7075773564798594
frame_153954.png, 15:39:54 ,   1762439994.0, 45.7844037, 15.9104379        , 159.406           , 0.0004768371582031,  643.11           , 500.87000000000006, 0.07111620903015137, 66.55859565280105 ,   67.1288959513995  , -0.570300298598454  , 0.570300298598454   , -0.8495600747126013
frame_153955.png, 15:39:55 ,   1762439995.0, 45.7843988, 15.9104391        , 159.412           , 0.0               ,  653.5            , 499.6             , 0.07683233916759491, 63.41597253570915 ,   66.7844502322141  , -3.3684776965049466 , 3.3684776965049466  , -5.04380538402655
frame_153956.png, 15:39:56 ,   1762439996.0, 45.7843937, 15.9104395        , 159.401           , 0.0002384185791015,  664.25           , 500.38            , 0.0717635527253151 , 66.18714586690417 ,   66.38513024092659 , -0.1979843740224112 , 0.1979843740224112  , -0.2982360256037479
frame_153957.png, 15:39:57 ,   1762439997.0, 45.7843886, 15.9104396        , 159.407           , 0.0004768371582031,  681.19           , 500.15            , 0.07000747323036194, 67.20457471823957 ,   65.97203327295834 , 1.2325414452812282  , 1.2325414452812282  , 1.868278699523487
frame_153958.png, 15:39:58 ,   1762439998.0, 45.7843836, 15.910438999999998, 159.40800000000002, 0.0009536743164062,  690.05           , 500.71            , 0.07410535216331482, 64.87734933832114 ,   65.53255012529486 , -0.6552007869737224 , 0.6552007869737224  , -0.9998096910939865
frame_153959.png, 15:39:59 ,   1762439999.0, 45.7843789, 15.9104377        , 159.4             , 0.0011920928955078,  698.24           , 500.6             , 0.07216416299343109, 65.95934286820109 ,   65.08230328838268 , 0.8770395798184154  , 0.8770395798184154  , 1.347585342719376
frame_154000.png, 15:40:00 ,   1762440000.0, 45.7843741, 15.910435499999998, 159.40800000000002, 0.0014305114746093,  703.4            , 500.71            , 0.07378009706735611, 65.056159838274   ,   64.57680847626814 , 0.4793513620058576  , 0.4793513620058576  , 0.7422964579954712
frame_154001.png, 15:40:01 ,   1762440001.0, 45.7843695, 15.9104321        , 159.407           , 0.0019073486328125,  706.76           , 500.8299999999999 , 0.07638616859912872, 63.650551537074755,   64.024487392886   , -0.3739358558112471 , 0.3739358558112471  , -0.5840513076138998
frame_154002.png, 15:40:02 ,   1762440002.0, 45.784365 , 15.910427599999998, 159.407           , 0.002145767211914 ,  708.78           , 501.1600000000001 , 0.07903739809989929, 62.28157357300622 ,   63.42173499368509 , -1.1401614206788722 , 1.1401614206788722  , -1.797745553306604
frame_154003.png, 15:40:03 ,   1762440003.0, 45.7843613, 15.9104227        , 159.40200000000002, 0.0023841857910156,  710.43           , 501.65            , 0.08601337671279907, 58.94573889436901 ,   62.86218537729008 , -3.9164464829210743 , 3.9164464829210743  , -6.230210514341981
frame_154004.png, 15:40:04 ,   1762440004.0, 45.7843597, 15.9104206        , 159.403           , 0.0028610229492187,  708.67           , 501.72            , 0.09393195062875748, 55.56737330401152 ,   62.62113502961985 , -7.053761725608332  , 7.053761725608332   , -11.264186959038506
frame_154005.png, 15:40:05 ,   1762440005.0, 45.7843587, 15.9104191        , 159.409           , 0.0030994415283203,  708.78           , 502.06            , 0.09555798768997192, 54.92101071043105 ,   62.46028537843296 , -7.539274668001909  , 7.539274668001909   , -12.070509480261133
frame_154006.png, 15:40:06 ,   1762440006.0, 45.784358 , 15.9104178        , 159.401           , 0.0033378601074218,  707.77           , 501.50000000000006, 0.09644453972578049, 54.574893626332454,   62.33470175867922 , -7.75980813234677   , 7.75980813234677    , -12.448616763079846
frame_154007.png, 15:40:07 ,   1762440007.0, 45.7843573, 15.910417         , 159.409           , 0.003814697265625 ,  708.67           , 502.4             , 0.09318675100803375, 55.868707558870454,   62.23535665146337 , -6.366649092592915  , 6.366649092592915   , -10.229955181663145
frame_154008.png, 15:40:08 ,   1762440008.0, 45.7843553, 15.910419         , 159.404           , 0.0040531158447265,  715.06           , 502.06            , 0.08362587541341782, 60.04644330534167 ,   62.18209201172915 , -2.135648706387478  , 2.135648706387478   , -3.4345076488977564
frame_154009.png, 15:40:09 ,   1762440009.0, 45.784352 , 15.9104223        , 159.40200000000002, 0.0042915344238281,                   ,                   ,                    ,                   ,                     ,                     ,                     , 
frame_154010.png, 15:40:10 ,   1762440010.0, 45.7843485, 15.9104261        , 159.406           , 0.0047683715820312,                   ,                   ,                    ,                   ,                     ,                     ,                     , 
frame_154011.png, 15:40:11 ,   1762440011.0, 45.7843451, 15.9104299        , 159.404           , 0.0050067901611328,                   ,                   ,                    ,                   ,                     ,                     ,                     , 
frame_154012.png, 15:40:12 ,   1762440012.0, 45.7843414, 15.9104332        , 159.399           , 0.0052452087402343,  756.57           , 500.15            , 0.08562159538269043, 59.123584974795705,   61.85916233292865 , -2.735577358132943  , 2.735577358132943   , -4.422267057885377
frame_154013.png, 15:40:13 ,   1762440013.0, 45.7843374, 15.9104361        , 159.405           , 0.0057220458984375,                   ,                   ,                    ,                   ,                     ,                     ,                     , 
frame_154014.png, 15:40:14 ,   1762440014.0, 45.7843334, 15.9104382        , 159.409           , 0.005960464477539 ,                   ,                   ,                    ,                   ,                     ,                     ,                     , 
frame_154015.png, 15:40:15 ,   1762440015.0, 45.7843294, 15.9104407        , 159.41            , 0.0061988830566406,  799.98           , 499.4500000000001 , 0.07872512936592102, 62.43974812305695 ,   61.35588378985806 , 1.083864333198889   , 1.083864333198889   , 1.7665206109834384
frame_154016.png, 15:40:16 ,   1762440016.0, 45.7843254, 15.9104433        , 159.403           , 0.0066757202148437,  810.97           , 499.59            , 0.07538218051195145, 64.1848087180231  ,   61.200930071343436, 2.9838786466796705  , 2.9838786466796705  , 4.87554460888305
frame_154017.png, 15:40:17 ,   1762440017.0, 45.7843212, 15.9104456        , 159.413           , 0.0069141387939453,  823.08           , 498.58            , 0.07467502355575562, 64.56652693031171 ,   61.01679625964363 , 3.549730670668083   , 3.549730670668083   , 5.817628732198559
frame_154018.png, 15:40:18 ,   1762440018.0, 45.7843169, 15.9104479        , 159.41            , 0.0071525573730468,  837.89           , 499.37            , 0.07875195145606995, 62.42613030394995 ,   60.82921314545098 , 1.596917158498968   , 1.596917158498968   , 2.625247107307669
frame_154019.png, 15:40:19 ,   1762440019.0, 45.7843125, 15.910450099999998, 159.412           , 0.00762939453125  ,  846.3            , 498.81            , 0.07514145225286484, 64.31424436051451 ,   60.632023859063665, 3.6822205014508427  , 3.6822205014508427  , 6.073062165976834
frame_154020.png, 15:40:20 ,   1762440020.0, 45.7843081, 15.910452         , 159.40800000000002, 0.0078678131103515,  860.43           , 498.69            , 0.0760604739189148 , 63.822887800787534,   60.42125572148737 , 3.401632079300164   , 3.401632079300164   , 5.6298599535567995
frame_154021.png, 15:40:21 ,   1762440021.0, 45.7843037, 15.9104546        , 159.406           , 0.0081062316894531,  871.31           , 497.35            , 0.07225605845451355, 65.90730837331967 ,   60.255295422651   , 5.652012950668663   , 5.652012950668663   , 9.380109932286505
frame_154022.png, 15:40:22 ,   1762440022.0, 45.7842993, 15.9104572        , 159.412           , 0.0085830688476562,  884.43           , 498.96            , 0.0731506496667862 , 65.40501592931025 ,   60.09328037522132 , 5.3117355540889335  , 5.3117355540889335  , 8.839150602068244
frame_154023.png, 15:40:23 ,   1762440023.0, 45.7842948, 15.9104598        , 159.416           , 0.0088214874267578,  899.58           , 497.68            , 0.07197649776935577, 66.06586126198907 ,   59.928497188097644, 6.137364073891426   , 6.137364073891426   , 10.241144633792624
frame_154024.png, 15:40:24 ,   1762440024.0, 45.7842902, 15.910462         , 159.413           , 0.0090599060058593,  911.13           , 497.01            , 0.07305970788002014, 65.45572779407195 ,   59.73726596870955 , 5.718461825362397   , 5.718461825362397   , 9.572687555466187
frame_154025.png, 15:40:25 ,   1762440025.0, 45.7842857, 15.9104646        , 159.415           , 0.0095367431640625,  923.18           , 497.81            , 0.07585665583610535, 63.931210500831526,   59.58132073846376 , 4.349889762367766   , 4.349889762367766   , 7.3007608902493155
frame_154026.png, 15:40:26 ,   1762440026.0, 45.7842812, 15.9104674        , 159.41400000000002, 0.009775161743164 ,  938.73           , 496.9             , 0.07445568591356277, 64.68584803319865 ,   59.44217525940478 , 5.243672773793875   , 5.243672773793875   , 8.821468512736226
frame_154027.png, 15:40:27 ,   1762440027.0, 45.7842768, 15.9104704        , 159.413           , 0.0100135803222656,  951.96           , 496.34            , 0.074844591319561  , 64.47458224264129 ,   59.32678319552511 , 5.14779904711618    , 5.14779904711618    , 8.677023714821045
frame_154028.png, 15:40:28 ,   1762440028.0, 45.7842723, 15.9104735        , 159.415           , 0.0104904174804687,  964.99           , 496.68            , 0.07766194641590118, 62.98436271250886 ,   59.215535437205546, 3.768827275303316   , 3.768827275303316   , 6.364592074490194
frame_154029.png, 15:40:29 ,   1762440029.0, 45.7842676, 15.9104763        , 159.412           , 0.0107288360595703,  977.98           , 494.66            , 0.07306032627820969, 65.4553826911647  ,   59.0775481773838  , 6.377834513780904   , 6.377834513780904   , 10.795699399425112
frame_154030.png, 15:40:30 ,   1762440030.0, 45.7842629, 15.9104788        , 159.411           , 0.0109672546386718,  993.13           , 495.89            , 0.07607948780059814, 63.81280125571048 ,   58.92577174993401 , 4.887029505776475   , 4.887029505776475   , 8.293535002843553
frame_154031.png, 15:40:31 ,   1762440031.0, 45.784258 , 15.910480799999998, 159.40800000000002, 0.011444091796875 , 1006.9199999999998, 495.41            , 0.07644969969987869, 63.617043466678496,   58.73449135368493 , 4.882552112993565   , 4.882552112993565   , 8.31292142055341
frame_154032.png, 15:40:32 ,   1762440032.0, 45.7842532, 15.9104824        , 159.415           , 0.0116825103759765, 1018.59           , 495.44            , 0.07961656153202057, 61.99031952462237 ,   58.52866037767882 , 3.4616591469435534  , 3.4616591469435534  , 5.914468440941342
frame_154033.png, 15:40:33 ,   1762440033.0, 45.7842483, 15.9104842        , 159.419           , 0.0119209289550781, 1034.07           , 494.43            , 0.07891317456960678, 62.34440085698701 ,   58.333867897755205, 4.010532959231803   , 4.010532959231803   , 6.875136355198102
frame_154034.png, 15:40:34 ,   1762440034.0, 45.7842435, 15.9104863        , 159.416           , 0.0121593475341796, 1046.85           , 493.31            , 0.07757653295993805, 63.028528256720946,   58.16959456918559 , 4.858933687535355   , 4.858933687535355   , 8.35304719505351
frame_154035.png, 15:40:35 ,   1762440035.0, 45.7842387, 15.910488399999998, 159.413           , 0.0126361846923828, 1061.24           , 492.84            , 0.07467235624790192, 64.56797531899919 ,   58.01022430011773 , 6.557751018881461   , 6.557751018881461   , 11.304474509449799
frame_154036.png, 15:40:36 ,   1762440036.0, 45.7842341, 15.9104907        , 159.417           , 0.0128746032714843, 1075.63           , 493.92            , 0.07723573595285416, 63.20536571863132 ,   57.88063307635    , 5.324732642281319   , 5.324732642281319   , 9.199506569421063
frame_154037.png, 15:40:37 ,   1762440037.0, 45.7842297, 15.9104939        , 159.413           , 0.0131130218505859, 1088.36           , 492.75            , 0.07654079794883728, 63.569057232640176,   57.826943170405976, 5.742114062234201   , 5.742114062234201   , 9.929824658573402
frame_154038.png, 15:40:38 ,   1762440038.0, 45.7842258, 15.910498         , 159.417           , 0.013589859008789 , 1104.62           , 493.2             , 0.07885995507240295, 62.3713559475031  ,   57.86669342923235 , 4.504662518270749   , 4.504662518270749   , 7.784551442842838
frame_154039.png, 15:40:39 ,   1762440039.0, 45.7842221, 15.9105026        , 159.413           , 0.0138282775878906, 1119.76           , 492.84            , 0.07602478563785553, 63.841828446657495,   57.95633430985296 , 5.885494136804532   , 5.885494136804532   , 10.155048981080846
frame_154040.png, 15:40:40 ,   1762440040.0, 45.7842189, 15.9105075        , 159.406           , 0.0140666961669921, 1130.64           , 492.97            , 0.07854717969894409, 62.53024546879502 ,   58.09939317465773 , 4.430852294137296   , 4.430852294137296   , 7.626331450342895
frame_154041.png, 15:40:41 ,   1762440041.0, 45.7842156, 15.9105126        , 159.406           , 0.0145435333251953, 1147.6            , 493.21            , 0.0775822326540947 , 63.025579133290435,   58.25432873992126 , 4.771250393369172   , 4.771250393369172   , 8.190379147051212
frame_154042.png, 15:40:42 ,   1762440042.0, 45.7842124, 15.9105178        , 159.415           , 0.0147819519042968, 1158.54           , 492.75            , 0.07671623677015305, 63.47684804176329 ,   58.425776489692105, 5.0510715520711855  , 5.0510715520711855  , 8.64527928518388
frame_154043.png, 15:40:43 ,   1762440043.0, 45.7842092, 15.9105233        , 159.404           , 0.0150203704833984, 1173.15           , 491.74            , 0.0768534392118454 , 63.40492176977399 ,   58.62261324370883 , 4.782308526065165   , 4.782308526065165   , 8.157788029994355
frame_154044.png, 15:40:44 ,   1762440044.0, 45.7842063, 15.9105292        , 159.41            , 0.0154972076416015, 1186.92           , 491.36            , 0.07689620554447174, 63.382535487539855,   58.86667798626873 , 4.515857501271121   , 4.515857501271121   , 7.6713306334773845
frame_154045.png, 15:40:45 ,   1762440045.0, 45.784203 , 15.9105347        , 159.41            , 0.0157356262207031, 1200.72           , 489.96            , 0.07318452000617981, 65.38614889021667 ,   59.06690729629935 , 6.319241593917326   , 6.319241593917326   , 10.698446699126972
frame_154046.png, 15:40:46 ,   1762440046.0, 45.7841995, 15.9105399        , 159.403           , 0.0159740447998046, 1215.92           , 491.23            , 0.07648523151874542, 63.59831837555191 ,   59.24111590706102 , 4.35720246849089    , 4.35720246849089    , 7.355031048582171
frame_154047.png, 15:40:47 ,   1762440047.0, 45.7841959, 15.9105452        , 159.407           , 0.0164508819580078, 1228.56           , 490.17            , 0.07647065818309784, 63.60599711711664 ,   59.42156937238817 , 4.184427744728467   , 4.184427744728467   , 7.041934080375994
frame_154048.png, 15:40:48 ,   1762440048.0, 45.7841925, 15.9105504        , 159.411           , 0.0166893005371093, 1240.92           , 488.99            , 0.07517646998167038, 64.29538346438703 ,   59.61003090777637 , 4.68535255661066    , 4.68535255661066    , 7.860006923766645
frame_154049.png, 15:40:49 ,   1762440049.0, 45.784189 , 15.9105557        , 159.409           , 0.0169277191162109, 1254.59           , 488.15            , 0.07583615928888321, 63.942124102037845,   59.80526414797006 , 4.136859954067788   , 4.136859954067788   , 6.917217092850518
frame_154050.png, 15:40:50 ,   1762440050.0, 45.784186 , 15.9105613        , 159.404           , 0.017404556274414 , 1266.47           , 488.95            , 0.07512491196393967, 64.32315697251256 ,   60.05030230881127 , 4.272854663701295   , 4.272854663701295   , 7.115459039203427
frame_154051.png, 15:40:51 ,   1762440051.0, 45.7841835, 15.9105673        , 159.407           , 0.0176429748535156, 1279.26           , 486.69            , 0.07238487899303436, 65.83450363629609 ,   60.35077845334679 , 5.4837251829493     , 5.4837251829493     , 9.08641996588065
frame_154052.png, 15:40:52 ,   1762440052.0, 45.7841804, 15.9105731        , 159.404           , 0.0178813934326171, 1292.18           , 486.67            , 0.0727607011795044 , 65.62301863593382 ,   60.61278120885109 , 5.010237427082728   , 5.010237427082728   , 8.265975141149106
frame_154053.png, 15:40:53 ,   1762440053.0, 45.784177 , 15.9105789        , 159.407           , 0.0183582305908203, 1306.52           , 486.69            , 0.07424125075340271, 64.8029292686066  ,   60.865039536455164, 3.93788973215144    , 3.93788973215144    , 6.469871312238018
frame_154054.png, 15:40:54 ,   1762440054.0, 45.7841734, 15.9105845        , 159.413           , 0.0185966491699218, 1323.72           , 487.05            , 0.07594884186983109, 63.8821711049611  ,   61.098671089191356, 2.7835000157697465  , 2.7835000157697465  , 4.555745593396647
frame_154055.png, 15:40:55 ,   1762440055.0, 45.7841701, 15.9105905        , 159.404           , 0.0188350677490234, 1334.75           , 485.53            , 0.07279802858829498, 65.60208767856327 ,   61.3792138554403  , 4.222873823122967   , 4.222873823122967   , 6.879973785699891
frame_154056.png, 15:40:56 ,   1762440056.0, 45.7841672, 15.9105969        , 159.406           , 0.0193119049072265, 1349.14           , 484.22            , 0.07398071140050888, 64.94575489023163 ,   61.709628107551424, 3.236126782680202   , 3.236126782680202   , 5.2441197296474975
frame_154057.png, 15:40:57 ,   1762440057.0, 45.7841652, 15.910604         , 159.401           , 0.0195503234863281, 1359.1            , 485.01            , 0.0746033787727356 , 64.60545371784735 ,   62.13239200913515 , 2.4730617087122013  , 2.4730617087122013  , 3.9803098331520763
frame_154058.png, 15:40:58 ,   1762440058.0, 45.7841638, 15.9106114        , 159.399           , 0.0197887420654296, 1367.54           , 483.78            , 0.0729440450668335 , 65.52033856546855 ,   62.60442946120375 , 2.9159091042647987  , 2.9159091042647987  , 4.657672195657978
frame_154059.png, 15:40:59 ,   1762440059.0, 45.784163 , 15.9106188        , 159.399           , 0.0202655792236328, 1374.83           , 484.22            , 0.07701588422060013, 63.31997293043188 ,   63.103217199252654, 0.21675573117922653 , 0.21675573117922653 , 0.34349394658406357
frame_154100.png, 15:41:00 ,   1762440060.0, 45.784161 , 15.9106257        , 159.401           , 0.0205039978027343, 1386.94           , 483.22            , 0.07136155664920807, 66.41732408724157 ,   63.51841722597705 , 2.898906861264514   , 2.898906861264514   , 4.563883969197758
frame_154101.png, 15:41:01 ,   1762440061.0, 45.7841584, 15.910632199999998, 159.406           , 0.0207424163818359, 1398.61           , 482.88            , 0.07251005619764328, 65.76391190401843 ,   63.88318997574846 , 1.8807219282699705  , 1.8807219282699705  , 2.9440012763669694
frame_154102.png, 15:41:02 ,   1762440062.0, 45.7841557, 15.9106388        , 159.405           , 0.021219253540039 , 1410.16           , 481.98            , 0.07105860114097595, 66.59185353585262 ,   64.25466614022753 , 2.3371873956250937  , 2.3371873956250937  , 3.6373815880149207
frame_154103.png, 15:41:03 ,   1762440063.0, 45.7841531, 15.9106453        , 159.403           , 0.0214576721191406, 1422.23           , 481.28            , 0.07031626999378204, 67.02340506589691 ,   64.6260517333013  , 2.397353332595614   , 2.397353332595614   , 3.7095772808294223
frame_154104.png, 15:41:04 ,   1762440064.0, 45.7841505, 15.910652         , 159.405           , 0.0216960906982421, 1433.41           , 481.28            , 0.07323615252971649, 65.35740858864025 ,   65.01497400947989 , 0.34243457916036846 , 0.34243457916036846 , 0.5267010936748784
frame_154105.png, 15:41:05 ,   1762440065.0, 45.7841479, 15.9106586        , 159.403           , 0.0221729278564453, 1445.45           , 479.83            , 0.07054231315851212, 66.89140456830476 ,   65.39979710193684 , 1.491607466367924   , 1.491607466367924   , 2.280752437263677
frame_154106.png, 15:41:06 ,   1762440066.0, 45.7841463, 15.9106632        , 159.40800000000002, 0.0224113464355468, 1451.06           , 479.92            , 0.0803871676325798 , 61.60698875114335 ,   65.67734041177687 , -4.07035166063352   , 4.07035166063352    , -6.197497698770471
frame_154107.png, 15:41:07 ,   1762440067.0, 45.7841453, 15.910666099999998, 159.411           , 0.0226497650146484, 1455.37           , 479.18            , 0.08235352486371994, 60.64999184411841 ,   65.85327195417979 , -5.203280110061378  , 5.203280110061378   , -7.901323587507969
frame_154108.png, 15:41:08 ,   1762440068.0, 45.7841445, 15.9106701        , 159.412           , 0.0231266021728515, 1459.74           , 478.28            , 0.07508279383182526, 64.34586317315116 ,   66.11761487446034 , -1.771751701309185  , 1.771751701309185   , -2.679696938059952
frame_154109.png, 15:41:09 ,   1762440069.0, 45.7841447, 15.9106739        , 159.41400000000002, 0.0233650207519531, 1462.66           , 479.51            , 0.08205445855855942, 60.79362133867416 ,   66.40350257487991 , -5.6098812362057515 , 5.6098812362057515  , -8.448170681779578
frame_154110.png, 15:41:10 ,   1762440070.0, 45.7841451, 15.9106766        , 159.413           , 0.0236034393310546, 1462.18           , 478.69            , 0.08320772647857666, 60.24346571087311 ,   66.61597716809982 , -6.372511457226707  , 6.372511457226707   , -9.566040652899545
frame_154111.png, 15:41:11 ,   1762440071.0, 45.7841453, 15.9106785        , 159.41400000000002, 0.0240802764892578, 1461.42           , 479.07            , 0.08158325403928757, 61.02130735320373 ,   66.76254038736141 , -5.7412330341576805 , 5.7412330341576805  , -8.599482585363894
frame_154112.png, 15:41:12 ,   1762440072.0, 45.7841456, 15.9106799        , 159.41400000000002, 0.0243186950683593, 1464.68           , 479.85            , 0.07945191115140915, 62.07284264370227 ,   66.87601514469934 , -4.803172500997064  , 4.803172500997064   , -7.1822049962224295
frame_154113.png, 15:41:13 ,   1762440073.0, 45.7841458, 15.9106811        , 159.418           , 0.0245571136474609, 1465.34           , 477.93            , 0.07876893132925034, 62.417512537898624,   66.97112329972217 , -4.553610761823542  , 4.553610761823542   , -6.799364468540178
frame_154114.png, 15:41:14 ,   1762440074.0, 45.784146 , 15.9106819        , 159.419           , 0.025033950805664 , 1465.97           , 478.82            , 0.07790886610746384, 62.857033008714275,   67.03695868765797 , -4.179925678943697  , 4.179925678943697   , -6.235255537798217
frame_154115.png, 15:41:15 ,   1762440075.0, 45.7841461, 15.9106825        , 159.419           , 0.0252723693847656, 1463.11           , 477.94            , 0.07822055369615555, 62.69703749943826 ,   67.08457058981324 , -4.38753309037498   , 4.38753309037498    , -6.540301371536579
frame_154116.png, 15:41:16 ,   1762440076.0, 45.7841462, 15.9106829        , 159.417           , 0.0255107879638671, 1464.68           , 478.84            , 0.07964225113391876, 61.97746362614074 ,   67.11755968732236 , -5.140096061181616  , 5.140096061181616   , -7.658347659133552
frame_154117.png, 15:41:17 ,   1762440077.0, 45.7841462, 15.9106832        , 159.418           , 0.0259876251220703, 1463.33           , 477.72            , 0.07744522392749786, 63.09654639523609 ,   67.13955158942892 , -4.04300519419283   , 4.04300519419283    , -6.021793560547698
frame_154118.png, 15:41:18 ,   1762440078.0, 45.7841462, 15.9106834        , 159.419           , 0.0262260437011718, 1464.56           , 477.94            , 0.07527513802051544, 64.24229932882045 ,   67.15420383539445 , -2.911904506574004  , 2.911904506574004   , -4.336146272706235
frame_154119.png, 15:41:19 ,   1762440079.0, 45.7841461, 15.9106835        , 159.417           , 0.0264644622802734, 1464.85           , 478.67            , 0.08135642856359482, 61.13151859829793 ,   67.15803264014244 , -6.026514041844507  , 6.026514041844507   , -8.973631008723554
frame_154120.png, 15:41:20 ,   1762440080.0, 45.784146 , 15.9106836        , 159.419           , 0.0269412994384765, 1464.85           , 477.8             , 0.07820168137550354, 62.70670187219738 ,   67.16174985056657 , -4.455047978369187  , 4.455047978369187   , -6.633311353979865
frame_154121.png, 15:41:21 ,   1762440081.0, 45.7841459, 15.9106837        , 159.416           , 0.0271797180175781, 1465.23           , 478.43            , 0.08197306096553802, 60.83283117161509 ,   67.16561224627968 , -6.332781074664588  , 6.332781074664588   , -9.428606191281109
frame_154122.png, 15:41:22 ,   1762440082.0, 45.7841458, 15.9106838        , 159.418           , 0.0274181365966796, 1464.98           , 479.05            , 0.08214544504880905, 60.749852246506464,   67.16933447931802 , -6.419482232811561  , 6.419482232811561   , -9.557162182079042
frame_154123.png, 15:41:23 ,   1762440083.0, 45.7841477, 15.910687         , 159.412           , 0.0278949737548828, 1460.41           , 478.62            , 0.07581282407045364, 63.95455372022805 ,   67.47224532948886 , -3.517691609260808  , 3.517691609260808   , -5.213538681101806
frame_154124.png, 15:41:24 ,   1762440084.0, 45.7841513, 15.9106916        , 159.412           , 0.0281333923339843, 1453.69           , 478.82            , 0.07028340548276901, 67.04264006440216 ,   67.93920969698101 , -0.8965696325788457 , 0.8965696325788457  , -1.3196645009232222
frame_154125.png, 15:41:25 ,   1762440085.0, 45.7841556, 15.9106957        , 159.413           , 0.0283718109130859, 1445.71           , 477.93            , 0.06769418716430664, 68.59356412804252 ,   68.39625543787164 , 0.19730869017087116 , 0.19730869017087116 , 0.2884787901146113
frame_154126.png, 15:41:26 ,   1762440086.0, 45.7841592, 15.9106986        , 159.42000000000002, 0.028848648071289 , 1438.23           , 477.68            , 0.06900499016046524, 67.79953777969085 ,   68.74117805450132 , -0.9416402748104673 , 0.9416402748104673  , -1.3698343576013339
frame_154127.png, 15:41:27 ,   1762440087.0, 45.7841616, 15.9107002        , 159.417           , 0.0290870666503906, 1432.29           , 478.8             , 0.07452201843261719, 64.64971621840016 ,   68.94775855600012 , -4.298042337599966  , 4.298042337599966   , -6.233766590264206
frame_154128.png, 15:41:28 ,   1762440088.0, 45.7841635, 15.9107013        , 159.42000000000002, 0.0293254852294921, 1429.11           , 477.43            , 0.0782225951552391 , 62.69599226221741 ,   69.0994538611584  , -6.403461598940986  , 6.403461598940986   , -9.267022011212227
frame_154129.png, 15:41:29 ,   1762440089.0, 45.784165 , 15.910702         , 159.416           , 0.0298023223876953, 1426.58           , 478.31            , 0.0763222873210907 , 63.68427991038202 ,   69.20741603007835 , -5.523136119696332  , 5.523136119696332   , -7.98055531692718
frame_154130.png, 15:41:30 ,   1762440090.0, 45.7841662, 15.9107024        , 159.421           , 0.0300407409667968, 1423.62           , 478.17            , 0.07982680946588516, 61.88526125914424 ,   69.28210961791234 , -7.3968483587681035 , 7.3968483587681035  , -10.676419063393686
frame_154131.png, 15:41:31 ,   1762440091.0, 45.7841673, 15.9107026        , 159.413           , 0.0302791595458984, 1421.94           , 478.39            , 0.07844696193933487, 62.58132736140566 ,   69.33896722126474 , -6.757639859859076  , 6.757639859859076   , -9.745804027185821
frame_154132.png, 15:41:32 ,   1762440092.0, 45.7841683, 15.9107026        , 159.419           , 0.0307559967041015, 1419.25           , 478.06            , 0.08026521652936935, 61.66733611303497 ,   69.37721745444694 , -7.709881341411965  , 7.709881341411965   , -11.112987266279843
frame_154133.png, 15:41:33 ,   1762440093.0, 45.784169 , 15.9107026        , 159.412           , 0.0309944152832031, 1416.44           , 477.49            , 0.07388447970151901, 64.99866769261828 ,   69.40439563856675 , -4.40572794594847   , 4.40572794594847    , -6.347909099146867
frame_154134.png, 15:41:34 ,   1762440094.0, 45.7841697, 15.9107024        , 159.41400000000002, 0.0312328338623046, 1414.2            , 477.94            , 0.07516492903232574, 64.30159831193598 ,   69.41686988935314 , -5.115271577417161  , 5.115271577417161   , -7.368917073862069
frame_154135.png, 15:41:35 ,   1762440095.0, 45.7841703, 15.9107022        , 159.417           , 0.0317096710205078, 1413.75           , 477.94            , 0.07025326788425446, 67.06028875771092 ,   69.42552187470858 , -2.3652331169976577 , 2.3652331169976577  , -3.4068640078300976
frame_154136.png, 15:41:36 ,   1762440096.0, 45.7841708, 15.910702         , 159.417           , 0.0319480895996093,                   ,                   ,                    ,                   ,                     ,                     ,                     , 
